network,mode,N,E,diam_uw,diam_w,asp_uw,asp_w,gamma,alpha,deg_avg,deg_sd,deg_max,deg_min,close_uw_avg,close_uw_sd,close_uw_max,close_uw_min,close_w_avg,close_w_sd,close_w_max,close_w_min,betw_uw_avg,betw_uw_sd,betw_uw_max,betw_uw_min,betw_w_avg,betw_w_sd,betw_w_max,betw_w_min
Basel,Tram,183.0,389.0,40.0,3857.42,14.33,1236.38,0.3646,0.0443,0.0234,0.0071,0.0549,0.011,0.0751,0.0198,0.1164,0.0391,0.0009,0.0002,0.0013,0.0004,0.0736,0.0718,0.3747,0.0,0.0747,0.069,0.3479,0.0
Berlin (Metro),Subway,174.0,374.0,46.0,4398.75,14.29,1315.96,0.719,0.5773,0.0248,0.0088,0.0694,0.0116,0.0745,0.0172,0.1042,0.0358,0.0008,0.0002,0.0012,0.0004,0.0773,0.0659,0.3187,0.0,0.0776,0.067,0.3125,0.0
Berlin (Sbahn),Rail,167.0,179.0,35.0,4774.42,13.26,1596.86,0.3616,0.0395,0.0129,0.0042,0.0361,0.006,0.0788,0.016,0.1096,0.043,0.00067,0.00016,0.00094,0.00032,0.07432,0.07299,0.43917,0.0,0.0753,0.0712,0.438,0.0
Bern,Rail,132.0,304.0,24.0,5835.31,9.57,2157.28,0.7795,0.668,0.0352,0.0137,0.1221,0.0153,0.1119,0.0294,0.184,0.0635,0.00049,0.00012,0.00027,0.00077,0.0659,0.0882,0.69168,0.0,0.0712,0.0856,0.5796,0.0
Bremen,Tram,166.0,357.0,48.0,3686.6,17.17,1411.39,0.7256,0.5872,0.0261,0.0076,0.0727,0.0121,0.0636,0.0178,0.0984,0.0295,0.00076,0.0002,0.00117,0.00038,0.09862,0.09562,0.45876,0.0,0.0994,0.0935,0.4576,0.0
Brussels,Rail,128.0,138.0,32.0,6526.0,12.86,2469.0,0.3651,0.0438,0.034,0.01,0.079,0.016,0.082,0.018,0.119,0.052,0.00043,0.0001,0.00062,0.00023,0.094,0.077,0.352,0.0,0.095,0.076,0.338,0.0
Chicago,Subway,142.0,293.0,39.0,5017.97,15.56,1971.45,0.6976,0.5448,0.0293,0.0085,0.078,0.0142,0.0683,0.017,0.1083,0.0385,0.00049,0.00012,0.00077,0.00029,0.10414,0.1128,0.6405,0.0,0.1062,0.1129,0.6431,0.0
Copenhagen,Rail,87.0,179.0,35.0,4906.8,13.3,1594.85,0.702,0.5503,0.0478,0.0129,0.093,0.0233,0.0806,0.0203,0.1161,0.0456,0.00069,0.00019,0.00102,0.00034,0.14476,0.09897,0.47259,0.0,0.146,0.1248,0.5839,0.0
Freiburg,Tram,167.0,195.0,22.0,1920.0,9.72,912.04,0.39,0.088,0.0141,0.0051,0.0361,0.006,0.1074,0.022,0.1595,0.0647,0.00114,0.00022,0.00167,0.00078,0.05285,0.04702,0.26146,0.0,,0.0472,0.3069,0.0
Gdansk,Tram,130.0,263.0,41.0,4198.75,16.14,1588.5,0.7898,0.6833,0.0314,0.0094,0.062,0.0155,0.0657,0.016,0.0971,0.0388,0.0007,0.0002,0.001,0.0004,0.1183,0.088,0.5002,0.0,0.1186,0.0867,0.4855,0.0
Hannover,Rail,73.0,160.0,26.0,8481.9,9.48,2305.7,0.7512,0.6241,0.0304,0.0114,0.0833,0.0139,0.1121,0.0262,0.1629,0.0586,0.0005,0.0001,0.0007,0.0002,0.1195,0.1141,0.4926,0.0,0.1259,0.12,0.5509,0.0
Helsinki,Tram,133.0,287.0,26.0,2343.54,10.32,983.64,0.7303,0.5939,0.0327,0.0123,0.0758,0.0152,0.101,0.0204,0.1422,0.0611,0.00105,0.00019,0.00149,0.00069,0.07116,0.06689,0.31989,0.0,0.072,0.0664,0.3276,0.0
Krakow,Tram,160.0,351.0,37.0,3585.0,13.8,1417.98,0.7405,0.6095,0.0276,0.0091,0.0503,0.0063,0.0744,0.0166,0.1092,0.0437,0.00073,0.00017,0.00103,0.00044,0.08108,0.09484,0.44359,0.0,0.0843,0.0787,0.3716,0.0
London,Subway,269.0,316.0,38.0,6093.07,13.13,2050.43,0.395,0.0901,0.0088,0.0038,0.0261,0.0037,0.0813,0.0198,0.1251,0.0418,0.00053,0.00014,0.00082,0.00027,0.04542,0.0608,0.3551,0.0,0.0483,0.0609,0.3668,0.0
Madrid,Subway,242.0,552.0,44.0,6219.0,14.58,1832.79,0.7667,0.6493,0.0189,0.0075,0.0581,0.0083,0.0742,0.0194,0.111,0.0359,0.00061,0.00018,0.0009,0.00027,0.0566,0.06305,0.32069,0.0,0.0572,0.0621,0.3316,0.0
Mannheim,Tram,238.0,514.0,58.0,6170.6,19.47,1796.11,0.726,0.5881,0.0182,0.0054,0.0422,0.0084,0.0548,0.0134,0.0839,0.0301,0.0006,0.0002,0.0009,0.0003,0.0782,0.0817,0.3935,0.0,0.0792,0.079,0.3988,0.0
Montpellier,Tram,89.0,186.0,30.0,3368.18,11.25,1283.91,0.7126,0.5665,0.0475,0.0112,0.0909,0.0227,0.0944,0.0226,0.1339,0.0538,0.00082,0.00019,0.00116,0.00048,0.11783,0.08573,0.43164,0.0,0.118,0.0835,0.421,0.0
New York,Subway,425.0,537.0,38.0,6528.67,11.89,2110.93,0.4232,0.1337,0.006,0.003,0.0212,0.0024,0.0886,0.0196,0.1375,0.0421,0.0005,0.00011,0.00072,0.00026,0.02574,0.04844,0.39443,0.0,0.0293,0.0428,0.2691,0.0
Oslo,Tram,90.0,103.0,35.0,3244.91,11.65,1133.82,0.3902,0.08,0.0257,0.0082,0.0562,0.0112,0.0923,0.0234,0.1391,0.0487,0.0009,0.0002,0.0013,0.0005,0.121,0.1055,0.4304,0.0,0.1234,0.0984,0.4086,0.0
Paris,Subway,306.0,717.0,34.0,3274.73,11.9,1039.53,0.4002,0.0988,0.0154,0.0073,0.0525,0.0066,0.0883,0.019,0.1323,0.0459,0.00101,0.00022,0.00148,0.00047,0.03584,0.04487,0.33208,0.0,0.0367,0.0405,0.2969,0.0
Philadelphia,Subway,50.0,108.0,26.0,2721.85,10.05,1014.72,0.75,0.6211,0.0882,0.0309,0.2041,0.0408,0.1064,0.0264,0.1561,0.0609,0.00105,0.00025,0.0015,0.00062,0.18852,0.15358,0.65136,0.0,0.1894,0.1519,0.6514,0.0
Salzburg,Bus,188.0,389.0,44.0,2906.72,13.77,1069.16,0.6971,0.5445,0.0221,0.0073,0.0535,0.0107,0.0775,0.0184,0.1182,0.0356,0.00098,0.0002,0.00136,0.00055,0.0686,0.0636,0.356,0.0,0.0699,0.0686,0.3484,0.0
Santiago,Subway,119.0,333.0,24.0,3306.31,8.83,998.85,0.501,0.248,0.0474,0.017,0.1017,0.0169,0.1183,0.024,0.1621,0.0708,0.00107,0.00025,0.00149,0.00053,0.07262,0.068,0.32151,0.0,0.085,0.074,0.3047,0.0
Strasbourg,Tram,86.0,176.0,29.0,3290.4,11.8,1304.31,0.698,0.545,0.0482,0.0139,0.1176,0.0235,0.0901,0.0223,0.1391,0.0533,0.00814,0.0002,0.00123,0.00047,0.1286,0.1122,0.623,0.0,0.1286,0.1135,0.6211,0.0
Sydney,Rail,450.0,651.0,59.0,12634.39,22.92,4618.44,0.4844,0.2257,0.0064,0.0028,0.0223,0.0022,0.0309,0.0115,0.0621,0.0,0.00016,6e-05,0.00027,0.0,0.03153,0.04307,0.25114,0.0,0.0337,0.045,0.2669,0.0
Toronto,Tram,298.0,438.0,117.0,9576.79,41.53,3439.68,0.4932,0.2386,0.0099,0.0036,0.0236,0.0067,0.0257,0.0066,0.0407,0.0137,0.0003,0.0001,0.0005,0.0002,0.1369,0.1201,0.6933,0.0,0.1369,0.1201,0.6933,0.0
Valencia,Subway,95.0,190.0,47.0,6912.9,16.73,2063.96,0.681,0.5189,0.0426,0.0093,0.0851,0.0213,0.064,0.0165,0.098,0.0358,0.0005,0.0001,0.0008,0.0002,0.1691,0.127,0.6205,0.0,0.1691,0.1273,0.6255,0.0
Zagreb,Tram,114.0,248.0,37.0,4381.19,12.02,1446.8,0.7381,0.6054,0.0385,0.0135,0.0885,0.0088,0.0873,0.0241,0.1265,0.0,0.0002,0.0001,0.0003,0.0,0.0995,0.0757,0.3495,0.0,0.101,0.0756,0.3518,0.0
Zurich,Tram,204.0,445.0,43.0,2824.62,14.88,1006.15,0.3713,0.0546,0.0215,0.0076,0.0591,0.0099,0.0715,0.0176,0.1095,0.0382,0.00104,0.00023,0.00153,0.0006,0.06873,0.07232,0.37314,0.0,0.07,0.0684,0.3464,0.0
Frankfurt,Rail,106.0,216.0,33.0,4427.78,13.98,1789.87,0.6923,0.5362,0.0388,0.0101,0.0762,0.019,0.0752,0.0172,0.1168,0.0462,0.00059,0.00014,0.00091,0.00037,0.12488,0.1234,0.57937,0.0,0.1249,0.1287,0.6791,0.0
Goteborg,Tram,133.0,150.0,35.0,3428.62,11.93,1265.01,0.3817,0.069,0.0171,0.0058,0.0455,0.0076,0.0899,0.0224,0.131,0.0471,0.00083,0.00018,0.0012,0.00048,0.08342,0.08186,0.40076,0.0,0.088,0.0708,0.3427,0.0
Karlsruhe,Tram,131.0,260.0,46.0,3090.39,14.82,923.51,0.67,0.51,0.0305,0.0092,0.0769,0.0077,0.0719,0.0174,0.1072,0.0384,0.00115,0.00027,0.00164,0.00055,0.10714,0.10426,0.86667,0.0,0.1074,0.1033,0.5367,0.0
Kassel,Tram,131.0,279.0,48.0,4910.21,16.13,1512.85,0.3695,0.0506,0.0168,0.0048,0.0385,0.0077,0.0662,0.016,0.0969,0.0335,0.00071,0.00017,0.00103,0.00031,0.11728,0.10419,0.5755,0.0,0.1211,0.1134,0.5754,0.0
Lausanne,Bus,153.0,318.0,32.0,2944.51,11.78,1017.51,0.3929,0.0864,0.0273,0.0088,0.0592,0.0131,0.0904,0.0221,0.1386,0.0501,0.001,0.0002,0.0015,0.0006,0.0714,0.0732,0.4105,0.0,0.0724,0.0745,0.4206,0.0
Leipzig,Rail,146.0,322.0,35.0,8542.79,12.72,2936.63,0.7454,0.6167,0.0304,0.012,0.1103,0.0138,0.0807,0.0194,0.1243,0.0456,0.00036,9e-05,0.00053,0.00018,0.08429,0.10283,0.55986,0.0,0.0869,0.1017,0.5084,0.0
Melbourne,Rail,314.0,758.0,50.0,28868.4,12.68,5554.27,0.8098,0.7143,0.0154,0.0078,0.0735,0.0032,0.0859,0.0224,0.1368,0.0296,0.00021,7e-05,0.00032,6e-05,0.03728,0.06652,0.5427,0.0,0.0454,0.0706,0.5707,0.0
Paris,Rail,249.0,571.0,44.0,8711.44,14.15,2807.24,0.7706,0.6552,0.0185,0.0082,0.0685,0.0081,0.0754,0.0182,0.118,0.0321,0.00038,8e-05,0.00019,0.00054,0.05325,0.07939,0.56697,0.0,0.0566,0.0749,0.4766,0.0
Zurich,Rail,274.0,660.0,31.0,8234.81,9.84,2663.12,0.8088,0.713,0.0176,0.0088,0.0769,0.0073,0.1087,0.0266,0.1822,0.0456,0.0004,9e-05,0.00062,0.00018,0.0325,0.0652,0.6332,0.0,0.0368,0.0548,0.4566,0.0
Basel,Bus,309.0,678.0,50.0,4335.0,18.0,1662.0,0.74,0.6,0.014,0.0052,0.039,0.0065,0.0589,0.012,0.0829,0.032,0.00062,0.00011,0.00083,0.00035,0.055,0.0662,0.44,0.0,0.057,0.0621,0.354,0.0
Berlin (Metro),Tram,395.0,816.0,100.0,14800.0,36.17,2592.94,0.6992,0.5376,0.0105,0.0033,0.0254,0.0025,0.0308,0.0082,0.0433,0.0,0.03079,0.00821,0.04334,0.0,0.07506,0.09874,0.42311,0.0,0.0751,0.0987,0.4231,0.0
Freiburg,Bus,206.0,268.0,35.0,4757.95,11.73,1484.3,0.4379,0.1548,0.0127,0.0051,0.0439,0.0049,0.0891,0.0182,0.1336,0.0461,0.0007,0.00012,0.00094,0.00034,0.05262,0.06536,0.4964,0.0,0.059,0.056,0.3041,0.0
Goteborg,Rail,121.0,164.0,21.0,1547.5,7.33,1018.87,0.4593,0.1856,0.0226,0.0121,0.0917,0.0083,0.1454,0.035,0.2335,0.0726,0.01206,0.00327,0.01353,0.00109,0.05318,0.08974,0.60889,0.0,0.0532,0.0897,0.6089,0.0
Helsinki,Rail,61.0,139.0,19.0,8541.9,6.87,2224.68,0.79,0.68,0.076,0.028,0.17,0.033,0.15,0.037,0.24,0.077,0.00051,0.00014,0.00068,0.00017,0.1,0.14,0.59,0.0,0.11,0.12,0.52,0.0
London,Tram,84.0,89.0,15.0,1919.95,6.7,714.7,0.362,0.0368,0.0255,0.0078,0.06,0.012,0.0682,0.0213,0.122,0.03,0.00065,0.00022,0.00114,0.00032,0.041,0.0344,0.177,0.0,0.0467,0.037,0.1566,0.0
Oslo,Subway,101.0,102.0,38.0,3840.42,14.41,1476.95,0.6835,0.522,0.0402,0.0091,0.08,0.02,0.0739,0.0184,0.1082,0.0415,0.00072,0.00017,0.00103,0.00039,0.1355,0.11391,0.58424,0.0,0.1356,0.111,0.5911,0.0
Paris (Metro),Tram,233.0,449.0,52.0,5543.82,18.97,1965.05,0.648,0.471,0.0166,0.003,0.0259,0.0086,0.0556,0.0125,0.0756,0.03337,0.00052,0.00012,0.00072,0.0003,0.27227,0.01183,0.62958,0.0,0.27228,0.15712,0.62958,0.0
Prague,Subway,57.0,57.0,23.0,1934.4,9.42,798.09,0.3455,0.0092,0.0357,0.0102,0.0714,0.0179,0.1138,0.0004,0.1767,0.0663,0.00136,0.00039,0.00213,0.00078,0.1531,0.11702,0.54091,0.0,0.1531,0.117,0.5409,0.0
Toronto,Subway,76.0,150.0,35.0,4398.8,13.4,1448.05,0.3468,0.0136,0.0541,0.0108,0.1081,0.027,0.0796,0.0205,0.1205,0.0456,0.0008,0.0002,0.0011,0.0004,0.1703,0.1355,0.6459,0.0,0.1703,0.13607,0.65161,0.0
Vienna,Subway,98.0,209.0,27.0,2679.88,10.57,954.34,0.726,0.586,0.044,0.0151,0.1031,0.0206,0.1005,0.0251,0.1506,0.0566,0.0011,0.0003,0.0017,0.0006,0.1002,0.0843,0.3884,0.0,0.1004,0.0845,0.3954,0.0
